filename,deleted_time,operation
20250618111531,2025-09-08 14:30:15,delete
20250618121248,2025-09-08 14:30:15,delete
20250620021524,2025-09-08 14:30:15,delete
20250620040634,2025-09-08 14:30:15,delete
20250620141929,2025-09-08 14:30:15,delete
20250620181554,2025-09-08 14:30:15,delete
20250620212731,2025-09-08 14:30:15,delete
20250621005336,2025-09-08 14:30:15,delete
20250621045703,2025-09-08 14:30:15,delete
20250621063839,2025-09-08 14:30:15,delete
20250621095101,2025-09-08 14:30:15,delete
20250621144938,2025-09-08 14:30:15,delete
20250621171121,2025-09-08 14:30:15,delete
20250908191824,2025-09-21 13:35:43,delete
20250917183431,2025-09-21 13:36:41,delete
20250917194831,2025-09-21 13:36:41,delete
20250620102255,2025-09-22 14:09:16,delete
20250620130207,2025-09-22 14:09:16,delete
20250621192840,2025-09-22 14:09:16,delete
20250621213922,2025-09-26 16:29:04,delete
20250622050612,2025-09-26 16:29:04,delete
